source_row_id,annotation_group,split,ouro_0401010015,score_0401010015,pred_0401010015,ouro_0302040021,score_0302040021,pred_0302040021,ouro_0302050027,score_0302050027,pred_0302050027,ouro_0211080020,score_0211080020,pred_0211080020,ouro_0305010131,score_0305010131,pred_0305010131,ouro_0301100071,score_0301100071,pred_0301100071
2760,1,treino,True,8,True,False,0,False,False,0,False,False,0,False,False,0,False,False,0,False
15508,1,treino,False,0,False,False,0,False,False,0,False,False,0,False,False,0,False,False,0,False
7405,1,teste,True,10,True,False,0,False,False,0,False,False,0,False,False,0,False,False,0,False
22494,1,teste,False,0,False,False,0,False,False,0,False,True,1,False,False,6,True,True,3,True
6551,1,treino,False,0,False,True,5,True,True,4,True,False,5,True,False,1,False,False,3,True
19717,1,teste,False,0,False,True,0,False,True,0,False,True,5,True,False,1,False,True,0,False
9672,1,teste,True,8,True,False,0,False,False,0,False,False,5,True,False,1,False,False,0,False
5337,1,treino,True,8,True,False,0,False,False,0,False,False,0,False,False,0,False,False,0,False
20759,1,teste,False,0,False,False,0,False,False,0,False,False,0,False,False,2,False,False,0,False
23175,1,treino,False,0,False,False,0,False,False,0,False,False,0,False,False,0,False,True,5,True
22416,1,teste,False,3,True,False,0,False,False,0,False,False,4,True,True,4,True,False,0,False
14954,1,treino,False,0,False,False,0,False,False,0,False,False,0,False,False,0,False,False,2,False
18611,1,teste,True,2,True,False,0,False,False,0,False,False,1,False,False,0,False,False,0,False
20041,1,treino,True,8,True,False,0,False,False,0,False,False,0,False,False,0,False,False,0,False
24592,1,treino,False,0,False,False,0,False,False,0,False,False,0,False,True,5,True,False,0,False
25639,1,treino,False,0,False,False,0,False,False,0,False,True,0,False,True,2,False,False,0,False
25833,1,teste,False,0,False,False,0,False,False,0,False,False,5,True,False,1,False,False,0,False
12117,1,treino,True,9,True,False,0,False,False,0,False,False,0,False,False,0,False,False,0,False
852,1,treino,False,0,False,False,0,False,False,0,False,False,1,False,False,5,True,False,2,False
8270,1,treino,False,0,False,True,5,True,True,4,True,False,5,True,False,0,False,False,3,True
20912,1,teste,True,8,True,False,0,False,False,0,False,False,0,False,False,0,False,False,0,False
21052,1,treino,False,0,False,False,0,False,False,0,False,False,0,False,False,0,False,False,0,False
19365,1,treino,False,5,True,False,0,False,False,0,False,False,0,False,False,0,False,False,0,False
22839,1,treino,False,0,False,False,0,False,False,0,False,False,5,True,False,0,False,False,0,False
23005,1,treino,True,4,True,False,0,False,False,0,False,False,5,True,False,1,False,True,3,True
1122,1,treino,False,0,False,False,0,False,False,0,False,False,0,False,False,0,False,False,0,False
26526,1,treino,False,1,False,False,0,False,False,0,False,False,0,False,True,3,False,False,0,False
19153,1,treino,False,0,False,False,0,False,False,0,False,False,1,False,False,0,False,False,0,False
11287,1,teste,False,1,False,False,0,False,False,0,False,False,1,False,True,8,True,False,0,False
15922,1,treino,False,0,False,False,0,False,False,0,False,False,0,False,False,0,False,False,0,False
17034,1,teste,False,2,True,False,0,False,False,0,False,False,1,False,False,4,True,False,0,False
20040,1,treino,False,0,False,False,0,False,False,0,False,True,6,True,True,9,True,False,0,False
23603,1,treino,False,2,True,False,0,False,False,0,False,False,0,False,False,1,False,False,0,False
19775,1,teste,False,0,False,False,0,False,False,0,False,False,0,False,False,2,False,False,2,False
5219,1,teste,False,0,False,False,0,False,False,0,False,True,1,False,True,4,True,False,0,False
26356,1,treino,False,0,False,False,0,False,False,0,False,True,6,True,False,0,False,False,0,False
10930,1,treino,False,1,False,False,0,False,False,0,False,False,0,False,False,0,False,False,2,False
23521,1,treino,False,0,False,True,5,True,True,5,True,False,5,True,False,1,False,False,3,True
14148,1,treino,False,0,False,True,5,True,True,4,True,False,1,False,False,2,False,False,5,True
27058,1,teste,False,0,False,False,0,False,False,0,False,False,5,True,False,0,False,False,0,False
1684,1,teste,False,0,False,False,0,False,False,0,False,False,0,False,False,0,False,False,0,False
2171,1,treino,False,0,False,False,0,False,False,0,False,False,0,False,False,0,False,False,0,False
21401,1,treino,False,2,True,False,0,False,False,0,False,False,0,False,False,0,False,False,0,False
8936,1,treino,True,8,True,False,0,False,False,0,False,False,4,True,False,0,False,False,0,False
3426,1,teste,False,0,False,False,0,False,False,0,False,False,5,True,False,8,True,False,0,False
21151,1,treino,False,0,False,False,0,False,False,0,False,False,0,False,False,0,False,False,0,False
20493,1,treino,False,1,False,False,0,False,False,0,False,False,0,False,False,0,False,False,0,False
12584,1,treino,False,0,False,False,0,False,False,0,False,False,0,False,False,0,False,False,0,False
10495,1,teste,False,0,False,False,0,False,False,0,False,False,0,False,False,0,False,False,0,False
15286,1,treino,False,0,False,True,5,True,True,4,True,False,5,True,False,0,False,False,3,True
16602,1,treino,False,0,False,False,0,False,False,0,False,False,0,False,False,0,False,False,0,False
8686,1,treino,False,0,False,False,0,False,False,0,False,False,1,False,False,6,True,False,0,False
19113,1,treino,False,0,False,False,0,False,False,0,False,False,4,True,False,7,True,True,4,True
25202,1,treino,False,2,True,False,0,False,False,0,False,False,0,False,False,3,False,False,2,False
14321,1,treino,False,1,False,False,0,False,False,0,False,False,0,False,False,0,False,True,2,False
8574,1,treino,False,0,False,False,0,False,False,0,False,False,0,False,False,5,True,True,5,True
6164,1,teste,False,0,False,False,0,False,False,0,False,False,0,False,False,0,False,False,0,False
15509,1,treino,False,1,False,False,0,False,False,0,False,False,0,False,False,1,False,False,2,False
4252,1,treino,False,1,False,True,0,False,True,0,False,False,0,False,False,0,False,True,3,True
20631,1,treino,False,0,False,False,0,False,False,0,False,False,0,False,False,3,False,False,0,False
2664,1,treino,False,0,False,True,5,True,True,5,True,False,5,True,False,0,False,False,3,True
19983,1,teste,False,0,False,False,0,False,False,0,False,False,5,True,False,0,False,False,0,False
4932,1,treino,False,1,False,False,0,False,False,0,False,False,1,False,False,6,True,True,2,False
10445,1,treino,False,0,False,False,0,False,False,0,False,False,1,False,False,0,False,False,0,False
8843,1,treino,True,10,True,False,0,False,False,0,False,True,1,False,False,0,False,False,0,False
24072,1,treino,False,1,False,False,0,False,False,0,False,False,0,False,False,0,False,False,0,False
24222,1,treino,True,7,True,False,0,False,False,0,False,False,1,False,False,3,False,True,0,False
24367,1,treino,False,0,False,False,0,False,False,0,False,False,0,False,False,0,False,False,0,False
20606,1,treino,False,0,False,False,0,False,False,0,False,False,0,False,False,0,False,False,0,False
18570,1,treino,False,0,False,False,0,False,False,0,False,False,1,False,False,3,False,True,3,True
3451,1,teste,False,0,False,True,5,True,True,5,True,False,5,True,False,3,False,False,4,True
18190,1,teste,True,6,True,False,0,False,False,0,False,False,0,False,False,0,False,False,0,False
21622,1,teste,False,1,False,False,0,False,False,0,False,False,0,False,True,7,True,False,0,False
23817,1,teste,False,1,False,False,0,False,False,0,False,False,0,False,False,0,False,False,0,False
7628,1,treino,False,0,False,False,0,False,False,0,False,False,0,False,False,0,False,False,0,False
12088,1,teste,False,1,False,False,0,False,False,0,False,False,0,False,False,4,True,False,0,False
21302,1,treino,False,0,False,False,0,False,False,0,False,False,0,False,False,0,False,False,0,False
19138,1,treino,False,0,False,False,0,False,False,0,False,True,0,False,False,0,False,False,0,False
14825,1,treino,False,0,False,False,0,False,False,0,False,False,0,False,False,0,False,False,0,False
24537,1,treino,False,0,False,False,0,False,False,0,False,True,4,True,False,7,True,False,0,False
22555,1,teste,False,0,False,False,0,False,False,0,False,True,5,True,False,7,True,False,0,False
2168,1,treino,False,0,False,False,0,False,False,0,False,False,0,False,False,0,False,False,0,False
4540,1,teste,False,0,False,False,0,False,False,0,False,False,0,False,False,0,False,False,0,False
7132,1,treino,False,0,False,True,5,True,True,4,True,False,5,True,False,0,False,False,3,True
22714,2,treino,True,3,True,False,0,False,False,0,False,False,0,False,False,0,False,False,0,False
19788,2,teste,True,6,True,False,0,False,False,0,False,False,0,False,False,0,False,False,0,False
27426,2,treino,False,0,False,False,0,False,False,0,False,True,5,True,False,4,True,False,0,False
22275,2,teste,False,2,True,False,0,False,False,0,False,True,4,True,False,4,True,False,3,True
12267,2,teste,False,0,False,False,0,False,False,0,False,False,0,False,False,2,False,False,0,False
16519,2,teste,False,0,False,False,0,False,False,0,False,True,4,True,False,0,False,False,3,True
11611,2,treino,False,0,False,False,0,False,False,0,False,False,4,True,False,8,True,False,2,False
11147,2,treino,False,0,False,False,5,True,False,5,True,False,5,True,False,0,False,False,3,True
10385,2,teste,True,2,True,False,0,False,False,0,False,False,0,False,False,0,False,False,0,False
579,2,teste,False,1,False,False,0,False,False,0,False,False,1,False,False,0,False,False,0,False
6802,2,treino,False,0,False,False,0,False,False,0,False,False,5,True,False,0,False,False,0,False
5979,2,teste,False,1,False,False,0,False,False,0,False,False,0,False,False,0,False,False,0,False
5304,2,treino,False,0,False,False,0,False,False,0,False,False,0,False,False,0,False,False,0,False
13405,2,treino,False,0,False,False,5,True,False,4,True,False,5,True,False,0,False,False,3,True
20232,2,treino,False,0,False,False,0,False,False,1,False,False,0,False,False,0,False,False,0,False
14230,2,treino,False,1,False,False,0,False,False,1,False,False,5,True,False,4,True,False,2,False
20394,2,teste,False,1,False,False,0,False,False,0,False,False,0,False,False,3,False,False,0,False
9383,2,teste,False,1,False,False,0,False,False,0,False,False,5,True,False,7,True,False,0,False
10606,2,teste,False,0,False,False,0,False,False,0,False,False,2,False,False,1,False,False,0,False
9761,2,treino,False,1,False,False,0,False,False,0,False,False,5,True,False,0,False,False,0,False
2874,2,treino,False,0,False,False,0,False,False,0,False,False,0,False,False,0,False,False,0,False
626,2,teste,False,0,False,False,0,False,False,0,False,False,0,False,False,0,False,False,0,False
23245,2,treino,False,7,True,False,0,False,False,0,False,False,0,False,False,0,False,False,0,False
99,2,treino,False,0,False,False,0,False,False,0,False,False,0,False,False,0,False,False,0,False
18861,2,treino,False,0,False,False,5,True,False,4,True,False,5,True,False,1,False,False,3,True
11844,2,treino,False,0,False,False,5,True,False,4,True,False,5,True,False,2,False,False,4,True
1972,2,teste,False,1,False,False,0,False,False,0,False,False,0,False,False,0,False,False,0,False
13302,2,treino,False,0,False,False,0,False,False,0,False,False,1,False,False,0,False,False,0,False
6835,2,treino,False,0,False,False,0,False,False,0,False,False,8,True,False,0,False,False,0,False
20732,2,treino,False,0,False,False,5,True,False,5,True,False,5,True,False,2,False,False,3,True
16334,2,teste,False,0,False,True,5,True,True,4,True,False,5,True,False,0,False,False,3,True
428,2,teste,False,1,False,False,0,False,False,0,False,False,5,True,False,5,True,False,4,True
11915,2,teste,False,2,True,False,0,False,False,0,False,False,0,False,False,2,False,False,0,False
23741,2,treino,False,0,False,True,5,True,True,4,True,False,5,True,False,0,False,False,3,True
16496,2,teste,False,0,False,True,5,True,True,5,True,False,1,False,False,1,False,False,3,True
16629,2,treino,True,7,True,False,0,False,False,0,False,False,0,False,False,1,False,True,0,False
6529,2,treino,False,0,False,False,0,False,False,0,False,False,0,False,False,0,False,False,0,False
12033,2,teste,False,0,False,False,0,False,False,0,False,True,0,False,False,6,True,False,0,False
3263,2,treino,False,0,False,False,0,False,False,0,False,False,0,False,False,0,False,False,0,False
19690,2,treino,False,0,False,False,0,False,False,0,False,False,2,False,False,0,False,False,0,False
18784,2,teste,False,0,False,True,5,True,True,4,True,False,5,True,False,1,False,False,3,True
16665,2,treino,False,0,False,False,0,False,False,0,False,False,0,False,False,7,True,False,4,True
22728,2,treino,False,0,False,False,0,False,False,0,False,True,5,True,False,0,False,False,4,True
13144,2,teste,False,0,False,False,5,True,False,4,True,False,5,True,False,1,False,False,3,True
23571,2,treino,True,0,False,False,0,False,False,0,False,False,0,False,False,1,False,False,0,False
7293,2,treino,False,0,False,False,0,False,False,0,False,False,0,False,False,0,False,False,0,False
23770,2,treino,True,2,True,False,0,False,False,0,False,False,0,False,False,0,False,False,3,True
15817,2,treino,False,0,False,True,5,True,True,4,True,False,5,True,False,3,False,True,4,True
9987,2,teste,False,1,False,False,0,False,False,0,False,False,5,True,True,9,True,False,0,False
273,2,treino,False,1,False,False,0,False,False,0,False,False,0,False,False,0,False,False,0,False
8980,2,teste,False,0,False,True,5,True,True,4,True,False,5,True,False,2,False,False,3,True
17440,2,teste,False,2,True,False,0,False,False,0,False,True,3,True,False,0,False,False,0,False
22137,2,treino,False,0,False,True,5,True,True,4,True,True,5,True,False,3,False,False,5,True
17739,2,treino,True,9,True,False,0,False,False,0,False,False,5,True,False,0,False,False,3,True
1103,2,teste,False,1,False,False,0,False,False,0,False,False,5,True,False,0,False,False,0,False
9826,2,teste,True,2,True,False,0,False,False,0,False,False,4,True,False,1,False,False,0,False
22339,2,treino,True,7,True,False,0,False,False,0,False,False,5,True,False,1,False,True,3,True
6399,2,teste,False,1,False,False,0,False,False,0,False,False,0,False,False,0,False,False,0,False
14048,2,treino,False,1,False,False,0,False,False,0,False,False,1,False,False,0,False,False,0,False
21217,2,treino,True,9,True,False,0,False,False,0,False,False,1,False,False,1,False,False,0,False
15618,2,teste,False,0,False,True,5,True,True,5,True,False,5,True,False,1,False,False,3,True
8956,2,treino,False,0,False,True,5,True,True,5,True,False,0,False,False,2,False,False,0,False
10127,2,treino,False,1,False,False,0,False,False,0,False,True,0,False,False,0,False,False,0,False
4186,2,treino,False,0,False,False,0,False,False,0,False,False,0,False,False,0,False,False,0,False
19763,2,treino,False,0,False,False,0,False,False,0,False,False,5,True,False,5,True,False,0,False
1456,2,teste,False,0,False,False,0,False,False,0,False,True,6,True,False,4,True,False,0,False
4955,2,treino,False,0,False,False,0,False,False,0,False,True,0,False,False,0,False,False,2,False
6944,2,treino,False,0,False,False,0,False,False,0,False,False,5,True,False,0,False,False,0,False
16643,2,treino,False,0,False,False,0,False,False,0,False,False,4,True,True,5,True,False,0,False
18533,2,treino,False,0,False,False,0,False,False,0,False,False,0,False,True,4,True,False,0,False
22174,2,treino,False,0,False,False,0,False,False,0,False,False,1,False,False,7,True,False,3,True
705,2,teste,True,5,True,False,0,False,False,0,False,False,0,False,False,0,False,False,0,False
25717,2,treino,False,0,False,False,0,False,False,0,False,False,0,False,False,3,False,False,0,False
2464,2,treino,False,1,False,False,0,False,False,0,False,False,0,False,False,0,False,False,0,False
23372,2,treino,False,0,False,False,0,False,False,0,False,False,0,False,False,0,False,False,4,True
1710,2,treino,False,0,False,False,0,False,False,0,False,False,0,False,False,0,False,False,0,False
11436,2,treino,False,0,False,False,0,False,False,0,False,False,1,False,False,0,False,False,0,False
14860,2,treino,False,0,False,False,0,False,False,1,False,False,0,False,False,0,False,False,0,False
22563,2,teste,False,1,False,True,5,True,True,4,True,False,5,True,False,0,False,False,4,True
8037,2,treino,False,0,False,False,0,False,False,0,False,False,3,True,True,8,True,False,0,False
17339,2,treino,False,0,False,False,0,False,False,1,False,False,1,False,False,1,False,False,0,False
7070,2,teste,False,0,False,False,0,False,False,0,False,False,0,False,False,0,False,False,0,False
26106,2,teste,False,1,False,False,0,False,False,0,False,True,5,True,False,7,True,False,0,False
25153,2,treino,False,0,False,True,2,True,True,3,True,False,0,False,False,0,False,False,0,False
11286,3,treino,True,0,False,False,0,False,False,0,False,False,0,False,True,4,True,False,0,False
22589,3,treino,True,4,True,False,0,False,False,0,False,False,1,False,True,0,False,False,0,False
19671,3,treino,True,2,True,False,0,False,False,0,False,False,0,False,False,0,False,False,3,True
7304,3,teste,True,8,True,False,0,False,False,0,False,False,0,False,False,0,False,False,0,False
27111,3,teste,False,0,False,False,0,False,False,0,False,False,0,False,False,0,False,False,0,False
17872,3,treino,False,0,False,False,0,False,False,0,False,False,0,False,False,0,False,False,0,False
3548,3,treino,False,0,False,False,0,False,False,0,False,False,0,False,False,0,False,False,0,False
6434,3,teste,True,6,True,False,0,False,False,0,False,False,0,False,False,0,False,False,0,False
1968,3,teste,False,0,False,False,0,False,False,0,False,False,0,False,False,0,False,False,0,False
26290,3,treino,False,0,False,False,0,False,False,0,False,False,0,False,False,0,False,False,0,False
21479,3,treino,True,0,False,True,5,True,False,4,True,True,5,True,False,3,False,False,3,True
19652,3,teste,True,4,True,False,0,False,False,0,False,False,0,False,False,0,False,False,0,False
10090,3,teste,True,0,False,False,0,False,False,0,False,False,0,False,False,0,False,False,0,False
15645,3,teste,False,0,False,False,0,False,False,0,False,False,0,False,True,2,False,False,0,False
10300,3,treino,False,0,False,False,0,False,False,0,False,False,5,True,False,2,False,False,0,False
18769,3,teste,False,0,False,False,5,True,False,4,True,False,5,True,False,1,False,False,3,True
22962,3,treino,False,0,False,True,5,True,False,5,True,False,5,True,False,0,False,False,4,True
9928,3,teste,False,2,True,True,5,True,True,4,True,False,5,True,False,0,False,False,3,True
2388,3,treino,False,0,False,False,0,False,False,0,False,False,0,False,False,0,False,False,0,False
22156,3,teste,True,0,False,False,5,True,True,4,True,False,6,True,False,0,False,False,3,True
17585,3,treino,True,7,True,False,0,False,False,0,False,False,0,False,False,0,False,False,0,False
13214,3,treino,False,0,False,False,0,False,False,0,False,False,5,True,False,5,True,False,5,True
18035,3,treino,False,0,False,False,5,True,False,4,True,True,1,False,False,3,False,False,4,True
22140,3,teste,True,2,True,False,0,False,False,0,False,False,0,False,False,0,False,False,0,False
13826,3,treino,False,0,False,False,0,False,False,0,False,False,1,False,False,0,False,False,0,False
7474,3,treino,False,0,False,False,0,False,False,0,False,True,5,True,False,0,False,False,0,False
13761,3,treino,False,1,False,False,0,False,False,0,False,False,5,True,False,5,True,False,2,False
14276,3,teste,False,1,False,True,5,True,True,4,True,False,1,False,False,0,False,False,4,True
12347,3,teste,False,0,False,False,0,False,False,0,False,False,8,True,False,6,True,False,0,False
23334,3,treino,True,2,True,False,0,False,False,0,False,True,5,True,False,1,False,False,0,False
16657,3,treino,False,0,False,False,0,False,False,1,False,False,2,False,False,1,False,False,0,False
5727,3,teste,False,0,False,False,0,False,False,0,False,False,1,False,False,8,True,False,2,False
12567,3,treino,True,1,False,True,5,True,True,5,True,False,1,False,False,0,False,False,1,False
14703,3,treino,False,0,False,True,5,True,False,4,True,True,5,True,False,3,False,False,3,True
21517,3,treino,True,0,False,False,0,False,False,0,False,False,4,True,True,7,True,False,5,True
4282,3,treino,False,0,False,False,0,False,False,0,False,False,0,False,False,0,False,False,3,True
10697,3,treino,True,8,True,False,0,False,False,0,False,False,0,False,False,0,False,False,0,False
3286,3,treino,False,1,False,False,0,False,False,0,False,False,0,False,False,0,False,False,0,False
18577,3,treino,False,0,False,False,0,False,False,0,False,True,5,True,False,5,True,False,4,True
1805,3,treino,False,1,False,False,0,False,False,0,False,False,0,False,False,0,False,False,0,False
6847,3,treino,False,1,False,False,0,False,False,0,False,False,5,True,True,4,True,False,0,False
11503,3,teste,True,8,True,False,0,False,False,0,False,False,0,False,False,3,False,False,0,False
7578,3,treino,False,0,False,False,0,False,False,0,False,False,0,False,False,0,False,False,0,False
23474,3,treino,False,0,False,False,2,True,False,1,False,False,5,True,False,5,True,False,5,True
17736,3,treino,False,0,False,True,5,True,True,4,True,True,5,True,False,0,False,False,3,True
14526,3,teste,False,1,False,True,5,True,True,4,True,False,0,False,False,0,False,False,4,True
9153,3,teste,False,0,False,False,0,False,False,0,False,False,0,False,False,1,False,False,0,False
22197,3,teste,False,0,False,False,0,False,False,0,False,False,5,True,False,0,False,False,0,False
7898,3,treino,False,0,False,False,0,False,False,0,False,False,8,True,False,0,False,False,1,False
8647,3,treino,False,0,False,False,0,False,False,0,False,False,6,True,False,0,False,False,0,False
13915,3,treino,False,0,False,False,0,False,False,0,False,False,1,False,False,0,False,False,0,False
19803,3,treino,False,0,False,False,5,True,False,4,True,False,5,True,False,0,False,False,6,True
22739,3,teste,False,1,False,False,2,True,False,1,False,False,0,False,False,0,False,False,4,True
14375,3,treino,False,1,False,False,0,False,False,0,False,False,0,False,False,1,False,False,0,False
18568,3,treino,False,0,False,False,0,False,False,0,False,False,1,False,False,0,False,False,0,False
7780,3,teste,False,0,False,False,0,False,False,0,False,False,1,False,False,3,False,False,0,False
14265,3,treino,False,0,False,False,0,False,False,0,False,False,0,False,False,4,True,False,2,False
9254,3,teste,False,1,False,False,0,False,False,0,False,False,5,True,False,2,False,False,0,False
11809,3,teste,False,1,False,False,0,False,False,0,False,False,4,True,False,1,False,False,0,False
5187,3,treino,False,0,False,True,5,True,True,5,True,True,5,True,False,2,False,False,3,True
10509,3,treino,False,1,False,False,0,False,False,0,False,False,3,True,False,1,False,False,0,False
2830,3,teste,False,0,False,False,0,False,False,0,False,False,1,False,False,3,False,False,0,False
2714,3,treino,False,1,False,False,0,False,False,0,False,False,0,False,False,0,False,False,0,False
16262,3,treino,False,0,False,False,0,False,False,0,False,False,0,False,False,5,True,False,0,False
6769,3,teste,True,8,True,False,0,False,False,0,False,False,0,False,False,0,False,False,0,False
6950,3,treino,False,0,False,False,0,False,False,0,False,False,0,False,False,0,False,False,0,False
14507,3,treino,False,0,False,False,0,False,False,0,False,False,0,False,False,0,False,False,0,False
7104,3,teste,False,0,False,False,0,False,False,0,False,False,5,True,False,1,False,False,0,False
10124,3,treino,False,0,False,False,0,False,False,0,False,True,3,True,False,5,True,False,0,False
21716,3,teste,False,1,False,True,5,True,True,4,True,False,5,True,False,1,False,False,3,True
11214,3,treino,False,0,False,False,0,False,False,0,False,False,1,False,False,0,False,False,0,False
13642,3,teste,False,0,False,False,0,False,False,0,False,False,1,False,False,1,False,False,0,False
23689,3,treino,False,0,False,True,5,True,True,5,True,True,5,True,False,0,False,False,3,True
22442,3,treino,False,1,False,False,0,False,False,0,False,False,0,False,False,0,False,False,0,False
9922,3,teste,False,0,False,False,5,True,False,5,True,False,1,False,False,0,False,False,3,True
18479,3,teste,False,0,False,True,5,True,True,4,True,True,5,True,False,0,False,False,3,True
11731,3,teste,False,0,False,False,0,False,False,0,False,False,6,True,False,4,True,False,0,False
6253,3,treino,False,0,False,False,0,False,False,0,False,False,8,True,False,0,False,False,1,False
9633,3,teste,False,0,False,False,0,False,False,0,False,False,0,False,False,3,False,False,0,False
6239,3,teste,False,0,False,True,5,True,True,4,True,True,5,True,False,3,False,False,3,True
18904,3,teste,True,7,True,False,0,False,False,0,False,False,4,True,False,0,False,False,0,False
9209,3,teste,False,2,True,False,0,False,False,0,False,False,0,False,False,3,False,False,0,False
12480,3,teste,False,0,False,False,0,False,False,0,False,False,0,False,False,0,False,False,0,False
21250,3,treino,False,0,False,False,0,False,False,0,False,False,0,False,False,0,False,False,0,False
1837,4,treino,True,1,False,False,0,False,False,0,False,False,0,False,True,2,False,False,0,False
15730,4,treino,False,0,False,False,0,False,False,0,False,False,0,False,False,0,False,False,0,False
24296,4,treino,False,0,False,False,0,False,False,0,False,False,0,False,False,0,False,False,0,False
5006,4,teste,True,2,True,False,0,False,False,0,False,False,0,False,True,7,True,False,0,False
10867,4,teste,False,1,False,False,0,False,False,0,False,False,0,False,True,5,True,False,0,False
25093,4,treino,False,0,False,True,5,True,False,5,True,True,5,True,False,0,False,True,5,True
1109,4,treino,False,0,False,False,0,False,False,0,False,False,0,False,False,0,False,False,0,False
25438,4,treino,False,0,False,False,0,False,False,0,False,False,0,False,False,0,False,False,0,False
14668,4,treino,False,0,False,False,2,True,False,1,False,False,0,False,False,0,False,True,6,True
22176,4,treino,False,0,False,False,0,False,False,0,False,True,0,False,False,0,False,True,5,True
27313,4,treino,False,0,False,False,0,False,False,0,False,False,0,False,False,0,False,True,5,True
19575,4,teste,True,0,False,True,5,True,True,4,True,True,6,True,False,0,False,True,3,True
17031,4,teste,False,0,False,False,0,False,False,0,False,False,0,False,True,2,False,False,0,False
25385,4,treino,True,0,False,False,0,False,False,0,False,False,0,False,False,5,True,False,0,False
19306,4,treino,False,0,False,False,0,False,False,0,False,False,5,True,False,5,True,False,0,False
6,4,treino,True,2,True,False,0,False,False,0,False,False,0,False,False,0,False,False,0,False
16826,4,treino,False,0,False,False,0,False,False,0,False,False,0,False,False,0,False,False,0,False
23218,4,treino,False,0,False,False,0,False,False,0,False,False,0,False,False,3,False,False,3,True
4115,4,treino,False,0,False,False,0,False,False,0,False,False,0,False,True,0,False,False,0,False
11449,4,treino,True,2,True,False,0,False,False,0,False,False,0,False,False,0,False,False,0,False
2316,4,teste,False,0,False,False,0,False,False,0,False,False,0,False,False,0,False,False,0,False
20408,4,teste,False,0,False,False,0,False,False,0,False,False,5,True,False,0,False,False,0,False
3350,4,treino,False,0,False,False,0,False,False,0,False,False,0,False,True,2,False,False,0,False
18980,4,treino,False,1,False,False,0,False,False,0,False,False,0,False,False,3,False,False,2,False
13416,4,treino,False,0,False,False,0,False,False,0,False,False,6,True,False,7,True,True,0,False
10598,4,treino,False,0,False,False,0,False,False,0,False,False,1,False,False,0,False,False,0,False
24382,4,treino,False,0,False,False,0,False,False,0,False,False,0,False,False,0,False,False,0,False
26639,4,teste,True,1,False,False,0,False,False,0,False,False,0,False,False,3,False,True,0,False
5732,4,teste,True,3,True,False,0,False,False,0,False,True,5,True,True,0,False,False,0,False
17966,4,treino,False,0,False,True,5,True,True,5,True,False,1,False,True,2,False,True,4,True
18345,4,treino,True,1,False,False,0,False,False,0,False,False,1,False,False,2,False,True,3,True
13784,4,treino,False,1,False,False,0,False,False,0,False,False,5,True,False,4,True,False,2,False
505,4,treino,False,1,False,False,0,False,False,0,False,False,0,False,False,0,False,False,0,False
24804,4,teste,False,1,False,False,0,False,False,0,False,False,0,False,False,0,False,False,0,False
7932,4,treino,False,0,False,False,0,False,False,0,False,False,0,False,False,0,False,False,0,False
11682,4,treino,False,0,False,False,0,False,False,0,False,True,1,False,False,2,False,False,0,False
24177,4,treino,False,0,False,False,0,False,False,0,False,False,5,True,False,0,False,False,0,False
13696,4,treino,False,1,False,False,0,False,False,0,False,False,1,False,False,1,False,False,0,False
5875,4,treino,False,0,False,False,0,False,False,0,False,False,8,True,False,0,False,True,1,False
5453,4,treino,False,0,False,False,0,False,False,0,False,True,1,False,True,6,True,False,0,False
20689,4,treino,False,2,True,False,0,False,False,0,False,True,5,True,True,4,True,False,2,False
16325,4,treino,False,1,False,False,0,False,True,0,False,False,1,False,False,0,False,True,0,False
4203,4,treino,False,0,False,False,0,False,False,0,False,False,3,True,False,0,False,True,3,True
21981,4,treino,True,0,False,True,5,True,False,4,True,True,5,True,False,1,False,True,3,True
5754,4,treino,False,0,False,True,5,True,False,4,True,True,5,True,False,1,False,True,4,True
7568,4,treino,False,0,False,False,0,False,False,0,False,False,0,False,False,0,False,False,0,False
26819,4,teste,False,1,False,False,0,False,False,0,False,False,0,False,False,1,False,False,0,False
8826,4,teste,False,2,True,False,0,False,False,0,False,True,6,True,False,1,False,False,0,False
20667,4,treino,False,0,False,False,0,False,False,0,False,True,4,True,False,2,False,False,5,True
17475,4,treino,False,0,False,False,0,False,False,0,False,True,0,False,False,0,False,True,3,True
7555,4,treino,False,0,False,True,5,True,True,4,True,True,5,True,False,1,False,True,3,True
22215,4,treino,False,0,False,True,5,True,True,4,True,False,5,True,True,3,False,True,6,True
9659,4,teste,True,4,True,False,0,False,False,0,False,False,0,False,False,0,False,False,0,False
25312,4,treino,False,1,False,False,0,False,False,0,False,False,0,False,False,0,False,False,0,False
10012,4,teste,False,0,False,False,0,False,False,0,False,False,0,False,True,7,True,False,0,False
25867,4,treino,False,0,False,True,5,True,True,4,True,False,6,True,True,2,False,True,3,True
10500,4,teste,False,0,False,False,0,False,False,0,False,False,0,False,False,0,False,False,0,False
10296,4,teste,False,1,False,False,0,False,False,0,False,False,0,False,False,5,True,False,0,False
3096,4,treino,False,0,False,False,0,False,False,0,False,True,3,True,False,0,False,True,2,False
5407,4,teste,False,0,False,False,0,False,False,0,False,False,0,False,False,0,False,False,0,False
16952,4,teste,False,0,False,False,0,False,False,0,False,False,0,False,False,0,False,False,0,False
22987,4,treino,False,0,False,True,5,True,True,4,True,True,5,True,True,5,True,True,3,True
17408,4,treino,False,0,False,False,0,False,False,0,False,False,0,False,False,0,False,False,0,False
11715,4,treino,False,0,False,False,0,False,False,0,False,False,0,False,False,0,False,False,0,False
25029,4,teste,False,0,False,False,0,False,False,0,False,False,1,False,False,5,True,False,2,False
2250,4,treino,False,0,False,False,5,True,False,4,True,True,5,True,False,0,False,True,3,True
24435,4,treino,False,1,False,False,0,False,False,0,False,False,0,False,True,7,True,False,0,False
6604,4,treino,True,1,False,False,0,False,False,0,False,False,1,False,False,0,False,False,0,False
25146,4,treino,False,0,False,False,0,False,False,0,False,False,5,True,False,7,True,False,0,False
5678,4,teste,False,0,False,False,0,False,False,0,False,False,0,False,False,0,False,False,0,False
1642,4,treino,True,0,False,True,4,True,False,4,True,True,5,True,False,5,True,False,0,False
7007,4,teste,False,0,False,True,5,True,True,4,True,True,5,True,False,2,False,True,3,True
5391,4,teste,False,0,False,False,0,False,False,0,False,False,0,False,False,1,False,False,0,False
8897,4,treino,False,0,False,True,5,True,True,5,True,True,0,False,False,0,False,False,0,False
19000,4,treino,False,0,False,False,0,False,False,0,False,False,1,False,False,3,False,False,3,True
15335,4,treino,False,0,False,False,0,False,False,0,False,True,5,True,True,6,True,False,0,False
3916,4,treino,True,1,False,True,0,False,True,0,False,False,0,False,False,0,False,True,3,True
17152,4,treino,True,0,False,True,5,True,True,5,True,True,5,True,False,3,False,True,4,True
17105,4,treino,False,4,True,False,0,False,False,0,False,False,0,False,False,0,False,True,0,False
8873,4,treino,False,0,False,False,0,False,False,0,False,False,0,False,False,0,False,False,0,False
10829,4,treino,False,0,False,True,5,True,True,4,True,True,5,True,False,0,False,False,3,True
6706,4,treino,False,2,True,False,0,False,False,0,False,False,0,False,False,0,False,False,0,False
17783,4,treino,False,1,False,False,0,False,False,0,False,False,0,False,False,1,False,False,0,False
2764,4,treino,False,0,False,False,0,False,False,0,False,False,0,False,False,0,False,False,0,False
14857,5,teste,True,2,True,False,0,False,False,0,False,False,0,False,False,0,False,False,0,False
516,5,treino,False,0,False,True,5,True,True,4,True,True,5,True,False,0,False,False,3,True
15813,5,teste,False,0,False,False,0,False,False,0,False,False,0,False,False,4,True,False,0,False
7100,5,teste,False,3,True,False,0,False,False,0,False,False,0,False,False,0,False,False,0,False
15004,5,treino,False,2,True,False,0,False,False,0,False,False,5,True,False,2,False,False,5,True
3230,5,treino,True,8,True,False,0,False,False,0,False,False,0,False,False,0,False,True,3,True
18438,5,treino,False,2,True,False,0,False,False,1,False,False,0,False,False,6,True,False,4,True
17550,5,treino,False,0,False,False,0,False,False,0,False,False,1,False,False,3,False,False,3,True
13162,5,teste,False,0,False,True,5,True,True,4,True,True,5,True,False,0,False,False,1,False
250,5,treino,True,5,True,False,0,False,False,0,False,False,0,False,False,0,False,False,0,False
20923,5,treino,False,3,True,False,0,False,False,0,False,False,0,False,False,3,False,False,0,False
11386,5,teste,False,0,False,True,5,True,True,4,True,True,5,True,False,0,False,False,3,True
20202,5,treino,True,3,True,False,0,False,False,0,False,False,0,False,False,0,False,True,3,True
4739,5,teste,False,0,False,False,0,False,False,0,False,False,4,True,False,3,False,False,0,False
17697,5,teste,True,6,True,False,0,False,False,0,False,False,1,False,False,0,False,False,0,False
4220,5,treino,False,0,False,False,0,False,False,0,False,False,0,False,False,0,False,False,0,False
10191,5,teste,False,0,False,False,0,False,False,0,False,False,1,False,False,0,False,False,0,False
22073,5,teste,False,0,False,False,0,False,False,0,False,False,0,False,False,0,False,False,0,False
14689,5,teste,False,1,False,False,0,False,False,0,False,False,4,True,False,1,False,False,3,True
3829,5,teste,False,0,False,True,5,True,True,4,True,True,5,True,False,3,False,True,6,True
8242,5,treino,False,0,False,False,0,False,False,0,False,False,0,False,False,0,False,False,0,False
17242,5,treino,False,0,False,False,0,False,False,0,False,False,0,False,False,0,False,False,0,False
9403,5,treino,False,0,False,True,5,True,True,4,True,True,5,True,False,0,False,False,3,True
8518,5,treino,False,0,False,False,0,False,False,0,False,False,0,False,False,0,False,False,0,False
14964,5,treino,True,4,True,False,0,False,False,0,False,False,0,False,False,0,False,False,0,False
10203,5,treino,False,0,False,False,0,False,False,0,False,False,5,True,False,4,True,False,3,True
26571,5,teste,False,0,False,False,0,False,False,0,False,False,5,True,False,6,True,False,2,False
25179,5,treino,False,0,False,False,0,False,False,0,False,False,0,False,False,2,False,False,0,False
14093,5,teste,False,0,False,False,0,False,False,0,False,False,0,False,False,3,False,False,0,False
15430,5,teste,True,6,True,False,0,False,False,0,False,False,0,False,True,3,False,False,0,False
22026,5,teste,False,1,False,False,0,False,False,0,False,False,0,False,False,7,True,False,0,False
12619,5,treino,True,10,True,False,0,False,False,0,False,False,0,False,False,0,False,False,0,False
12350,5,treino,False,0,False,False,0,False,False,0,False,False,5,True,True,8,True,False,3,True
23966,5,treino,False,0,False,False,0,False,False,0,False,False,1,False,False,2,False,False,0,False
10792,5,teste,False,0,False,False,0,False,False,0,False,False,0,False,False,0,False,False,0,False
23996,5,treino,False,0,False,True,2,True,True,2,True,True,0,False,False,0,False,False,0,False
10217,5,teste,True,9,True,False,0,False,False,0,False,True,1,False,False,1,False,False,0,False
5464,5,treino,False,0,False,True,5,True,True,5,True,False,1,False,False,0,False,True,4,True
19390,5,teste,False,0,False,True,5,True,True,4,True,True,5,True,False,2,False,False,3,True
24383,5,treino,False,0,False,False,0,False,False,0,False,False,0,False,False,2,False,False,0,False
24100,5,treino,False,0,False,False,0,False,False,0,False,False,0,False,False,0,False,False,0,False
5138,5,teste,True,7,True,False,0,False,False,0,False,False,0,False,False,0,False,False,0,False
21796,5,treino,False,0,False,False,0,False,False,0,False,False,4,True,False,6,True,False,5,True
23331,5,treino,False,0,False,True,5,True,True,4,True,True,5,True,False,4,True,False,5,True
23856,5,treino,False,1,False,False,0,False,False,0,False,True,0,False,False,0,False,False,0,False
9044,5,teste,True,2,True,False,0,False,False,0,False,False,0,False,False,0,False,False,0,False
24301,5,treino,True,10,True,False,0,False,False,0,False,False,0,False,False,0,False,True,3,True
25852,5,treino,False,0,False,False,0,False,False,0,False,False,1,False,False,0,False,False,0,False
8957,5,treino,False,0,False,True,5,True,True,5,True,False,0,False,False,0,False,False,0,False
24329,5,treino,False,0,False,False,0,False,False,0,False,False,0,False,False,0,False,False,0,False
5865,5,treino,False,1,False,False,0,False,False,0,False,False,0,False,False,4,True,False,2,False
19211,5,teste,True,6,True,False,0,False,False,0,False,False,1,False,False,0,False,False,0,False
13581,5,treino,True,2,True,False,0,False,False,0,False,False,0,False,False,0,False,False,0,False
5601,5,treino,False,0,False,False,0,False,False,0,False,False,1,False,False,0,False,False,0,False
13740,5,teste,False,1,False,True,5,True,True,4,True,True,5,True,False,0,False,True,4,True
17437,5,treino,False,1,False,False,0,False,False,0,False,False,3,True,False,0,False,False,0,False
16483,5,treino,False,0,False,False,0,False,False,0,False,False,0,False,False,5,True,False,3,True
15168,5,treino,False,0,False,False,0,False,False,0,False,False,0,False,False,0,False,False,0,False
19768,5,teste,False,0,False,True,5,True,True,4,True,True,6,True,False,0,False,False,3,True
2141,5,treino,True,4,True,False,0,False,False,0,False,False,0,False,False,0,False,False,0,False
3184,5,treino,False,1,False,False,0,False,False,0,False,False,0,False,False,2,False,False,0,False
5317,5,treino,False,1,False,False,0,False,False,0,False,False,0,False,False,6,True,False,2,False
25542,5,treino,False,0,False,False,0,False,False,0,False,False,0,False,False,0,False,False,0,False
14903,5,teste,False,0,False,False,0,False,False,0,False,False,4,True,False,2,False,False,0,False
12973,5,treino,False,0,False,True,5,True,True,4,True,True,6,True,False,2,False,True,4,True
13868,5,treino,False,10,True,False,0,False,False,0,False,False,0,False,False,0,False,True,3,True
2842,5,treino,False,1,False,True,5,True,True,4,True,True,5,True,False,0,False,False,3,True
12151,5,teste,False,0,False,False,0,False,False,0,False,False,1,False,False,0,False,False,0,False
12461,5,treino,False,0,False,True,5,True,True,4,True,False,0,False,False,2,False,False,4,True
12465,5,treino,False,1,False,False,0,False,False,0,False,False,0,False,False,0,False,False,0,False
17635,5,treino,False,1,False,False,0,False,False,0,False,False,0,False,False,0,False,False,0,False
2346,5,treino,False,0,False,True,5,True,True,4,True,True,5,True,False,0,False,True,4,True
9565,5,teste,True,8,True,False,0,False,False,0,False,False,4,True,False,1,False,False,0,False
23072,5,treino,False,0,False,False,0,False,False,0,False,True,6,True,False,4,True,False,4,True
8969,5,treino,False,1,False,False,0,False,False,0,False,False,1,False,False,6,True,False,0,False
23853,5,treino,False,1,False,False,0,False,False,0,False,False,0,False,False,0,False,False,3,True
2383,5,teste,False,1,False,False,0,False,False,0,False,False,0,False,False,0,False,False,0,False
23850,5,treino,False,1,False,False,0,False,False,0,False,False,0,False,False,1,False,False,0,False
16313,5,treino,False,0,False,False,0,False,False,0,False,False,0,False,False,7,True,False,4,True
14848,5,treino,False,0,False,False,0,False,False,0,False,False,1,False,False,0,False,False,0,False
16421,5,treino,False,1,False,False,0,False,False,0,False,False,0,False,False,1,False,False,2,False
15403,5,treino,True,4,True,False,0,False,False,0,False,False,0,False,True,4,True,True,3,True
26386,5,teste,False,0,False,False,0,False,False,0,False,False,1,False,False,0,False,False,0,False
26346,5,teste,False,0,False,False,0,False,False,0,False,False,6,True,True,7,True,False,0,False
